Pattern String,Pattern Type ,Deceptive?
Limited time offer! Only 5 left in stock!,Bait and Switch,1
Flash sale - Ends in 2 hours!,Bait and Switch,1
Don't miss out! This price won't last!,Bait and Switch,1
Exclusive offer - Just for you!,Bait and Switch,1
Last chance to buy!,Bait and Switch,1
Free shipping for orders over $50!,Bait and Switch,1
Low price! ,Bait and Switch,1
Membership required for access to this deal!,Bait and Switch,1
Easy financing! ,Bait and Switch,1
Limited warranty,Bait and Switch,1
"Up to 80% off! (only a few select items, others discounted minimally)",Bait and Switch,1
"Compare at $100, now only $20! ",Bait and Switch,1
"Buy one, get one 50% off!",Bait and Switch,1
Clearance sale! Everything must go!,Bait and Switch,1
Price is firm! No further discounts!,Bait and Switch,1
As seen on TV!,Bait and Switch,1
Doctor recommended! ,Bait and Switch,1
Guaranteed results!,Bait and Switch,1
Brand new!,Bait and Switch,1
Pre-order now! Get it faster! ,Bait and Switch,1
Click here for a surprise gift! ,Bait and Switch,1
Exclusive bundle offer!Limited edition!,Bait and Switch,1
Free trial! No credit card required!,Bait and Switch,1
5-star rating! 100% customer satisfaction! ,Bait and Switch,1
User-verified purchase,Bait and Switch,1
Limited reviews - Be the first one! ,Bait and Switch,1
Read all reviews! ,Bait and Switch,1
Sponsored product!,Bait and Switch,1
Hurry! This offer won't last!,Bait and Switch,1
Act now! Quantities limited!,Bait and Switch,1
Don't be left out! Everyone's buying this! ,Bait and Switch,1
Sale! Sale! Sale!,Bait and Switch,1
Happy Holidays! Special savings!,Bait and Switch,1
Get this amazing product for just $10!*,Bait and Switch,1
"Limited stock at $20, but check out our similar items at higher prices!",Bait and Switch,1
Special discount on this item,Bait and Switch,1
Unbeatable prices on select models.,Bait and Switch,1
Click for the lowest price,Bait and Switch,1
Exclusive deal on this exact item,Bait and Switch,1
Big savings on our homepage.,Bait and Switch,1
Unlock secret discounts,Bait and Switch,1
Flash sale on these items,Bait and Switch,1
Promotional email with unbelievable deals,Bait and Switch,1
Claim your discount,Bait and Switch,1
Lowest prices guaranteed.,Bait and Switch,1
Browse our sale section.,Bait and Switch,1
Shop exclusive offers.,Bait and Switch,1
Deal of the day,Bait and Switch,1
Special promotion on this product,Bait and Switch,1
Discounted items on the homepage.,Bait and Switch,1
Limited-time offer,Bait and Switch,1
Unlock your discount.,Bait and Switch,1
Explore our budget-friendly options,Bait and Switch,1
Special deal on this item,Bait and Switch,1
Exclusive discount on select products.,Bait and Switch,1
Click for a surprise discount.,Bait and Switch,1
Unlock hidden savings,Bait and Switch,1
Check out our featured sale items.,Bait and Switch,1
Unlock unbeatable prices,Bait and Switch,1
 Limited-time offer! Act now! ,Interface Interference,1
 Your item is almost sold out! ,Interface Interference,1
Exclusive deal - available to the first 100 customers only!,Interface Interference,1
"Hidden fees may apply, see terms for details.",Interface Interference,1
Buy now before prices go up!,Interface Interference,1
Countdown timer for checkout expires in 5 minutes.,Interface Interference,1
Get 50% off! (after mail-in rebate),Interface Interference,1
"Free trial, credit card required.",Interface Interference,1
Continue without subscribing? - Not recommended.,Interface Interference,1
Recommended add-ons pre-selected for you.,Interface Interference,1
Opt-out of our newsletter? (selected by default),Interface Interference,1
Only 3 items left in stock! Hurry!,Interface Interference,1
Unlock premium features for just $9.99/month.,Interface Interference,1
Download our app for the best deals (forced redirect).,Interface Interference,1
Proceed to checkout: Billing details pre-filled.,Interface Interference,1
"Subscribe for updates, don't miss out on promotions.",Interface Interference,1
Terms and conditions - scroll through 10 pages to find.,Interface Interference,1
Double-check your order - added insurance for only $5.,Interface Interference,1
Extra 20% off - *applies only to select items,Interface Interference,1
Flash sale! Limited quantities available.,Interface Interference,1
Almost gone! Grab it before it's too late!,Interface Interference,1
VIP access for the first 50 customers!,Interface Interference,1
"Additional charges may apply, check the fine print.",Interface Interference,1
Countdown to exclusive member pricing ends soon.,Interface Interference,1
Save 60% instantly! (after complicated mail-in process),Interface Interference,1
"Free trial, but credit card information required upfront.",Interface Interference,1
Skip subscription? - Not recommended for savings!,Interface Interference,1
Frequently bought together: Pre-selected for convenience.,Interface Interference,1
Stay connected - Receive our newsletter by default.,Interface Interference,1
Limited stock alert! Only 2 items remaining.,Interface Interference,1
Upgrade to the deluxe version for just $12/month.,Interface Interference,1
Unlock app-only discounts with our redirect prompt.,Interface Interference,1
Premium membership perks for a monthly fee.,Interface Interference,1
Download our mobile app for exclusive in-app offers.,Interface Interference,1
Secure your order with insurance for just $7.,Interface Interference,1
Newsletter sign-up incentivized with hidden discounts.,Interface Interference,1
Check the box to receive our weekly newsletter updates.,Interface Interference,1
Don't miss out! Subscribe for the latest promotions.,Interface Interference,1
Special promotion - apply code for undisclosed benefits.,Interface Interference,1
Limited edition - grab it before it disappears!,Interface Interference,1
Upsell alert! Deluxe version available for only $15 more.,Interface Interference,1
"Act fast - Limited stock, high demand!",Interface Interference,1
Unlock exclusive features - Premium membership for $19.99.,Interface Interference,1
Instant savings - apply code hidden in the corner.,Interface Interference,1
Auto-subscribe to our newsletter for ongoing benefits.,Interface Interference,1
Limited-time free shipping - minimum purchase required.,Interface Interference,1
Exclusive insights - sign up for our newsletter today.,Interface Interference,1
Low stock alert! Act quickly to secure your item.,Interface Interference,1
Limited-time offer! Buy now for exclusive savings!,Interface Interference,1
Almost sold out! Secure your item before it's gone!,Interface Interference,1
VIP deal! Only for the first 100 customers!,Interface Interference,1
"Additional fees may apply, check terms for details.",Interface Interference,1
Prices set to rise soon - act fast for the best deal!,Interface Interference,1
Countdown to member pricing ends in 10 minutes!,Interface Interference,1
Save 60% instantl,Interface Interference,1
"Free trial, but credit card required to sign up.",Interface Interference,1
Unsubscribe? Not recommended for exclusive offers!,Interface Interference,1
Recommended add-ons pre-selected for convenience.,Interface Interference,1
proceed to checkout,Interface Interference,1
Start your 7-day free trial now; only a small monthly fee afterward!,Subscription Trap,1
"Unlock premium content with a complimentary 10-day trial, then a minor monthly cost.",Subscription Trap,1
Free 14-day trial—subscribe for exclusive features with a low monthly charge.,Subscription Trap,1
"Experience the best with a 30-day free trial, followed by a small fee.",Subscription Trap,1
"Sign up today, enjoy a 15-day trial, and continue for a modest monthly subscription.",Subscription Trap,1
"Try our services free for 5 days, then it's just a small monthly fee.",Subscription Trap,1
"Access premium content for a week, then pay a minimal monthly subscription fee.",Subscription Trap,1
"Test our exclusive features for 20 days free, then subscribe for a small monthly cost.",Subscription Trap,1
"Unlock advanced benefits with a 25-day trial, followed by a nominal monthly fee.",Subscription Trap,1
"Start your free 8-day trial now, then a small monthly subscription afterward.",Subscription Trap,1
"Enjoy a 21-day trial; afterward, a minor monthly charge applies.",Subscription Trap,1
"Sign up for a 6-day free trial, then enjoy for a low monthly fee.",Subscription Trap,1
"Experience the difference with our 28-day trial, followed by a small monthly subscription.",Subscription Trap,1
"Try us out free for 9 days, and afterward, it's just a modest monthly charge.",Subscription Trap,1
"Unlock premium services with a 22-day trial, and continue for a small monthly cost.",Subscription Trap,1
"Start your 19-day free trial now, then a nominal monthly charge afterward.",Subscription Trap,1
"Access our exclusive content for 23 days free, then enjoy for a small monthly fee.",Subscription Trap,1
"Test our premium features for 12 days free, then subscribe for a minor monthly cost.",Subscription Trap,1
"Enjoy the benefits with a 27-day trial period; afterward, a small monthly charge applies.",Subscription Trap,1
"Sign up for a 10-day free trial, and continue with a nominal monthly subscription fee.",Subscription Trap,1
"Experience premium services free for 17 days, then pay a modest monthly fee.",Subscription Trap,1
"Unlock exclusive features with a 16-day trial, followed by a small monthly subscription.",Subscription Trap,1
"Try our premium package free for 13 days, then enjoy for a minor monthly cost.",Subscription Trap,1
"Start your 26-day trial now, and afterward, a nominal monthly charge applies.",Subscription Trap,1
"Sign up for a 15-day free trial, then continue with a small monthly subscription fee.",Subscription Trap,1
"Access advanced benefits for 18 days free, and then enjoy for a low monthly cost.",Subscription Trap,1
"Experience the difference with our 24-day trial, followed by a modest monthly subscription.",Subscription Trap,1
"Try us out free for 11 days, then pay a small monthly charge for ongoing benefits.",Subscription Trap,1
"Unlock premium content for 30 days free, and afterward, it's just a nominal monthly fee.",Subscription Trap,1
"Start your free 14-day trial now, then enjoy for a small monthly cost.",Subscription Trap,1
"Enjoy a 25-day trial period, and afterward, a modest monthly charge applies.",Subscription Trap,1
"Sign up for an 8-day free trial, and continue with a small monthly subscription afterward.",Subscription Trap,1
"Access our exclusive features for 20 days free, then enjoy for a minimal monthly fee.",Subscription Trap,1
"Test our premium services with a 29-day trial, followed by a small monthly subscription.",Subscription Trap,1
"Try us out free for 9 days, and afterward, it's just a modest monthly charge.",Subscription Trap,1
"Unlock advanced benefits with a 22-day trial, and continue for a small monthly cost.",Subscription Trap,1
"Start your 23-day free trial now, then pay a minimal monthly subscription afterward.",Subscription Trap,1
"Experience premium content for 12 days free, then subscribe for a small monthly fee.",Subscription Trap,1
"Enjoy the benefits with a 27-day trial period; afterward, a small monthly charge applies.",Subscription Trap,1
"Sign up for a 10-day free trial, and continue with a nominal monthly subscription fee.",Subscription Trap,1
"Try our premium services free for 17 days, then pay a modest monthly fee.",Subscription Trap,1
"Unlock exclusive features with a 16-day trial, followed by a small monthly subscription. ",Subscription Trap,1
"Start your 13-day free trial now, and afterward, a minimal monthly charge applies.",Subscription Trap,1
"Access advanced benefit for 26 days free, and then enjoy for a low monthly cost.",Subscription Trap,1
"Sign up for a 15-day free trial, then continue with a small monthly subscription fee.",Subscription Trap,1
"Experience premium content for 18 days free, and afterward, it's just a nominal monthly fee.",Subscription Trap,1
"Try us out free for 24 days, then enjoy our services for a small monthly cost.",Subscription Trap,1
"Unlock premium services with a 19-day trial, and continue for a modest monthly subscription.",Subscription Trap,1
"Start your 22-day free trial now, then pay a minimal monthly charge afterward.",Subscription Trap,1
"Access our exclusive features for 23 days free, then enjoy for a small monthly fee.",Subscription Trap,1
"Test our premium services with a 12-day trial, followed by a small monthly subscription.",Subscription Trap,1
"Try us out free for 27 days, and afterward, it's just a modest monthly charge.",Subscription Trap,1
"Unlock advanced benefits with a 10-day trial, and continue for a small monthly cost.",Subscription Trap,1
"Experience premium content for 17 days free, then subscribe for a minimal monthly fee.",Subscription Trap,1
"Sign up for a 16-day free trial, then enjoy our services for a small monthly subscription fee.",Subscription Trap,1
"Enjoy the benefits with a 13-day trial period; afterward, a modest monthly charge applies.",Subscription Trap,1
"Try our premium features free for 29 days, and afterward, it's just a nominal monthly fee.",Subscription Trap,1
"Unlock exclusive content for 14 days free, then continue with a small monthly subscription.",Subscription Trap,1
"Start your 25-day free trial now, then enjoy for a modest monthly cost.",Subscription Trap,1
"Access our advanced features for 18 days free, and afterward, it's just a small monthly fee.",Subscription Trap,1
Are you sure you want to leave without completing your purchase? ,Nagging ,1
 Your items are still in the cart. Complete your order now! ,Nagging,1
 Limited stock! Buy now before it's too late! ,Nagging,1
 Subscribe to our newsletter for exclusive deals. Don't miss out! ,Nagging,1
Items in your wishlist are going fast. Buy them now! ,Nagging,1
 Unlock special discounts by sharing on social media. ,Nagging,1
 Join our loyalty program to enjoy ongoing benefits. ,Nagging,1
 One step away from exclusive member-only discounts. ,Nagging,1
 FOMO alert! Others are buying this product. Join them! ,Nagging,1
Complete your profile for personalized recommendations. ,Nagging,1
 Did you forget something? Your cart is waiting for you! ,Nagging,1
Exclusive early access for our VIP customers. ,Nagging,1
 Add more items to your cart to qualify for free shipping. ,Nagging,1
 Check out our recommended products for you. ,Nagging,1
 Don't miss out on the latest trends. Shop now! ,Nagging,1
 You're just one click away from amazing savings! ,Nagging,1
Your wishlist is lonely. Add items to make it happy! ,Nagging,1
 Refer a friend and both of you get extra discounts. ,Nagging,1
 Get a surprise gift with your next purchase. ,Nagging,1
 Stay in the loop – subscribe to our push notifications. ,Nagging,1
 Did you know? Members save an average of 20%. ,Nagging,1
 Complete your purchase to earn loyalty points. ,Nagging,1
 You're missing out on exclusive app-only deals. ,Nagging,1
 Don't miss our daily deals – check back every day! ,Nagging,1
 Add to cart now and enjoy a special discount at checkout. ,Nagging,1
Add to your wishlist and get notified when it's on sale. ,Nagging,1
 You've been selected for a one-time discount. Claim it now! ,Nagging,1
 Unlock premium content by becoming a member. ,Nagging,1
 Save your favorites for later. Register to access them anytime. ,Nagging,1
 Shopping is more fun when you share it. Invite your friends! ,Nagging,1
 Join the VIP club for exclusive access to private sales. ,Nagging,1
 Earn rewards for every purchase. Don't miss out on points! ,Nagging,1
"Limited-time offer: Buy one, get one 50% off! ",Nagging,1
 Upgrade to our premium plan for VIP customer support. ,Nagging,1
 Add more items to your cart and unlock a mystery gift. ,Nagging,1
 Complete your purchase for a chance to win a prize. ,Nagging,1
 Don't wait – items in your cart may sell out soon. ,Nagging,1
 Be the first to know about our upcoming sales events. ,Nagging,1
Exclusive access to our private collection for members. ,Nagging,1
 Add to cart now and enjoy a special bonus at checkout. ,Nagging,1
Members get early access to our Black Friday deals. ,Nagging,1
 Your wishlist is lonely. Fill it with joy – shop now! ,Nagging,1
 Unlock premium features by upgrading your account. ,Nagging,1
 Complete your purchase to receive a surprise gift. ,Nagging,1
 Don't miss out on our flash sale – happening now! ,Nagging,1
 Upgrade to our premium membership for VIP treatment,Nagging,1
Join our inner circle for exclusive perks and privileges. ,Nagging,1
 Upgrade to the deluxe edition for extra savings. ,Nagging,1
 Get 15% off your next order when you refer a friend. ,Nagging,1
 Your cart is jealous of other filled carts. Make it happy! ,Nagging,1
 Don't leave! We have a special offer just for you. ,Nagging,1
 Unlock access to members-only sales by signing up. ,Nagging,1
 Your cart is feeling lonely. Fill it with happiness! ,Nagging,1
 Members enjoy priority access to new product launches. ,Nagging,1
 Upgrade to our platinum plan for elite benefits. ,Nagging,1
 Refer a friend and both of you get a discount on your next order. ,Nagging,1
 Your favorite items are waiting. Complete your order now! ,Nagging,1
Don't miss out on our exclusive weekend sale. ,Nagging,1
 Get early access to our summer collection – join now! ,Nagging,1
 Your wishlist is craving attention. Shop now and make it happy! ,Nagging,1
Join our loyalty program and start earning rewards today. ,Nagging,1
 Complete your purchase to qualify for a special gift. ,Nagging,1
 Upgrade to our gold membership for golden deals. ,Nagging,1
 Your wishlist is like a treasure chest. Unlock it now! ,Nagging,1
 Members get exclusive access to our members-only sale. ,Nagging,1
T-shirt Price: $15.99 Customization Fee: $5.00 Final Cost: $20.99,Drip Pricing,1
Sneakers Cost: $59.99 Shipping Surcharge: $12.00 Total: $71.99,Drip Pricing,1
Book Price: $12.50 eBook Download Fee: $3.99 Grand Total: $16.49,Drip Pricing,1
Watch Price: $89.99 Extended Warranty: $15.00 Overall Price: $104.99,Drip Pricing,1
Smartphone: $399.99 Charger: $19.99 Total Bill: $419.98,Drip Pricing,1
Sunglasses Cost: $29.99 UV Protection Fee: $7.00 Final Price: $36.99,Drip Pricing,1
Handbag Price: $49.99 Premium Packaging: $8.99 Total: $58.98,Drip Pricing,1
Headphones Cost: $79.99 Replacement Plan: $10.00 Full Amount: $89.99,Drip Pricing,1
Gaming Console: $299.99 Online Subscription: $20.00 Grand Total: $319.99,Drip Pricing,1
Fitness Tracker: $49.99 Extra Bands: $5.99 Overall Cost: $55.98,Drip Pricing,1
Coffee Maker Price: $89.99 Maintenance Kit: $14.99 Total Expense: $104.98,Drip Pricing,1
Perfume Cost: $39.99 Gift Wrapping Fee: $6.50 Final Bill: $46.49,Drip Pricing,1
Backpack Price: $29.99 Rain Cover: $4.99 Total Price: $34.98,Drip Pricing,1
Plant Price: $19.99 Fertilizer Pack: $3.00 Overall Cost: $22.99,Drip Pricing,1
Camera Cost: $299.99 Memory Card: $24.99 Grand Total: $324.98,Drip Pricing,1
Bed Sheets Price: $49.99 Pillowcases Set: $8.00 Total: $57.99,Drip Pricing,1
Office Chair: $129.99 Assembly Service: $15.00 Final Price: $144.99,Drip Pricing,1
Blender Price: $39.99 Recipe Book: $5.99 Overall Cost: $45.98,Drip Pricing,1
Pet Supplies: $19.99 Pet Insurance: $7.50 Total Bill: $27.49,Drip Pricing,1
Hiking Boots: $89.99 Waterproofing Spray: $9.00 Grand Total: $98.99,Drip Pricing,1
Laptop Price: $799.99 Antivirus Software: $49.99 Total: $849.98,Drip Pricing,1
Desk Lamp Cost: $24.99 LED Bulbs: $3.50 Final Cost: $28.49,Drip Pricing,1
Kitchen Knife Set: $69.99 Sharpening Stone: $8.00 Overall Price: $77.99,Drip Pricing,1
Bath Towels Price: $19.99 Fabric Softener: $5.50 Total Price: $25.49,Drip Pricing,1
Winter Jacket Cost: $129.99 Thermal Lining: $15.00 Grand Total: $144.99,Drip Pricing,1
Coffee Grinder: $49.99 Coffee Beans Sampler: $7.99 Total: $57.98,Drip Pricing,1
Art Supplies: $39.99 Storage Box: $6.00 Final Bill: $45.99,Drip Pricing,1
Beach Chair Price: $29.99 Sunscreen: $4.50 Overall Cost: $34.49,Drip Pricing,1
Smart Thermostat: $129.99 Installation Kit: $19.99 Total Expense: $149.98,Drip Pricing,1
Portable Speaker: $59.99 Carrying Case: $8.00 Grand Total: $67.99,Drip Pricing,1
Skateboard Price: $49.99 Grip Tape: $5.99 Total: $55.98,Drip Pricing,1
Vacuum Cleaner: $149.99 Filter Replacement: $12.50 Final Price: $162.49,Drip Pricing,1
Snowboard Cost: $199.99 Waxing Kit: $15.00 Overall Cost: $214.99,Drip Pricing,1
Baby Stroller Price: $129.99 Rain Cover: $10.00 Total Price: $139.99,Drip Pricing,1
Drone Cost: $299.99 Extra Battery: $29.99 Grand Total: $329.98,Drip Pricing,1
Travel Backpack: $79.99 TSA Lock: $9.50 Total: $89.49,Drip Pricing,1
Fitness Equipment: $149.99 Assembly Fee: $20.00 Final Bill: $169.99,Drip Pricing,1
GPS Watch Price: $199.99 Map Updates: $14.99 Overall Price: $214.98,Drip Pricing,1
Wall Art: $49.99 Hanging Kit: $5.00 Total: $54.99,Drip Pricing,1
Alarm Clock Cost: $19.99 Backup Batteries: $3.99 Grand Total: $23.98,Drip Pricing,1
Bike Helmet: $39.99 Reflective Stickers: $4.50 Total Cost: $44.49,Drip Pricing,1
Digital Camera: $249.99 Camera Bag: $19.99 Final Price: $269.98,Drip Pricing,1
Crockpot Price: $39.99 Recipe Book: $6.50 Overall Cost: $46.49,Drip Pricing,1
Teapot Cost: $29.99 Tea Sampler: $4.00 Total Price: $33.99,Drip Pricing,1
Yoga Mat Price: $19.99 Carrying Strap: $3.50 Grand Total: $23.49,Drip Pricing,1
Power Drill: $79.99 Drill Bit Set: $8.00 Total: $87.99,Drip Pricing,1
Gaming Chair Cost: $149.99 Lumbar Pillow: $12.00 Final Cost: $161.99,Drip Pricing,1
Backpacking Tent: $99.99 Ground Tarp: $10.00 Overall Price: $109.99,Drip Pricing,1
Bread Maker Price: $79.99 Recipe Book: $7.99 Total: $87.98,Drip Pricing,1
Coffee Table Cost: $129.99 Glass Cleaner: $8.50 Grand Total: $138.49,Drip Pricing,1
Projector Price: $199.99 HDMI Cable: $5.00 Total: $204.99,Drip Pricing,1
Inflatable Mattress: $59.99 Repair Kit: $4.99 Final Bill: $64.98,Drip Pricing,1
Barbecue Grill: $249.99 Grill Cover: $15.00 Overall Cost: $264.99,Drip Pricing,1
Portable Fan Price: $29.99 Batteries: $3.50 Total Price: $33.49,Drip Pricing,1
Standing Desk Cost: $299.99 Cable Management Kit: $9.99 Grand Total: $309.98,Drip Pricing,1
Paint Set Price: $19.99 Easel: $5.00 Total: $24.99,Drip Pricing,1
"Event Ticket: $39.99, Venue Fee: $7.99, Total: $47.98",Drip Pricing,1
"Streaming Service: $12.99, HD Upgrade: $3.99, Total: $16.98",Drip Pricing,1
"Clothing Item: $45.99, Customization Fee: $12.99, Total: $58.98",Drip Pricing,1
"Gym Membership: $30.00, Towel Service: $5.99, Total: $35.99",Drip Pricing,1
"Meal Plan: $99.99, Nutritional Consultation: $19.99, Total: $119.98",Drip Pricing,1
"Mobile App Download: Free, Premium Features: $7.99/month, Total: Variable",Drip Pricing,1
"Hotel Room: $129.99, Resort Fee: $20.99, Total: $150.98",Drip Pricing,1
"Membership Fee: $25.00, Processing Charge: $5.99, Total: $30.99",Drip Pricing,1
"Course Fee: $89.99, E-book Access: $19.99, Total: $109.98",Drip Pricing,1
"Base Price: $29.99, Handling Fee: $4.99, Total: $34.98",Drip Pricing,1
"Subscription Cost: $15.00, Activation Fee: $5.99, Total: $20.99",Drip Pricing,1
"Software Price: $49.99, Updates Fee: $9.99, Total: $59.98",Drip Pricing,1
3 people bought this item last week.,Not a Dark Pattern ,0
31 people seeing this product right now,Not a Dark Pattern ,0
"Ken in Oakland, United States purchased a Dreamville Hoodie a month ago",Not a Dark Pattern ,0
19 people have viewed this item,Not a Dark Pattern ,0
Rebecca in Buffalo just bought Sateen Twill Swatchabout 1 hour ago,Not a Dark Pattern ,0
"Someone from Menlo Park, California just purchased Electric Skateboard Motor 6374 190KV.",Not a Dark Pattern ,0
2 people are looking at this listing now,Not a Dark Pattern ,0
4 sold in last 5 hours,Not a Dark Pattern ,0
72 Viewing This Product,Not a Dark Pattern ,0
Mitchell H. Purchased a Dimplex IgniteXL 100 Linear Built in Electric Fireplace,Not a Dark Pattern ,0
Favored By: 400 people!,Not a Dark Pattern ,0
"Annie in Cheras, Malaysia just bought: An Abundance of Flowers - Van-Go Paint-By-Number Kit",Not a Dark Pattern ,0
"Kamal in Lathrop, United States purchased a Father Sons Super Slim Stretch Feather Print Long Sleeve - FS429 4 hours ago",Not a Dark Pattern ,0
"Another babe in Alexandria, United States just ordered Flat Tummy Tea",Not a Dark Pattern ,0
Someone purchased a FORWARD REVIVE WOMEN'S RED WHITE HUSTLE T-SHIRT 32 minutes ago,Not a Dark Pattern ,0
Real time 30 Visitor right now,Not a Dark Pattern ,0
9 sold in last 4 hours,Not a Dark Pattern ,0
"Someone from Cape Town, Western Cape, South Africa just started buying Packable Travel Duffel Bag! 5 minutes ago",Not a Dark Pattern ,0
61 people have already bought that product today with 50% discount,Not a Dark Pattern ,0
"Sayeeganesh in Chennai, India just bought Dhoni the Finisher T-Shirt an hour ago",Not a Dark Pattern ,0
"1,446 people have viewed this item",Not a Dark Pattern ,0
218 people have added this item to cart,Not a Dark Pattern ,0
11 people have purchased this item,Not a Dark Pattern ,0
Someone from Norway purchased a Super FG Grater - 12x Faster - 15% OFF,Not a Dark Pattern ,0
38 people are viewing this,Not a Dark Pattern ,0
"Someone from Rochedale, Queensland, Australia started buying this!",Not a Dark Pattern ,0
39 recently purchased it,Not a Dark Pattern ,0
85 have it in their cart,Not a Dark Pattern ,0
"Someone in Madrid, Spain just bought",Not a Dark Pattern ,0
33 sold in last 12 hours.,Not a Dark Pattern ,0
78 Persons looking for this product,Not a Dark Pattern ,0
"Jim in Houston, USA purchased Pure Ratios: Hemp Oil CBD Patch (40mg CBD)",Not a Dark Pattern ,0
"Tyler in Norwalk, United States purchased a",Not a Dark Pattern ,0
"Someone in Ampang, Malaysia just bought",Not a Dark Pattern ,0
64 users bought this product Touch: The Set - Touch XL & TouchUp Makeup Mirror Bundle,Not a Dark Pattern ,0
"Sudha rana from Jaipur bought this product, 23 Mins ago.",Not a Dark Pattern ,0
404 Orders,Not a Dark Pattern ,0
Trending Style! Sold 4 times today,Not a Dark Pattern ,0
"Someone in San diego, United States just bought Gemfield Watch 15 days ago",Not a Dark Pattern ,0
"Alyssa in San Antonio, United States purchased a iTunes Japan Gift Card 10000 JPY about 35 minutes ago",Not a Dark Pattern ,0
"Someone in Paris, France just purchased a Kanpeki Knife Set",Not a Dark Pattern ,0
"3,081 people have viewed this item",Not a Dark Pattern ,0
166 people have added this item to cart,Not a Dark Pattern ,0
111 people have purchased this item,Not a Dark Pattern ,0
"James in Cashion, Oklahoma just bought Glossy Black Brick Geode / Amber Gradient Fast Lanes",Not a Dark Pattern ,0
7 people have it in their cart,Not a Dark Pattern ,0
1 person is viewing this,Not a Dark Pattern ,0
273 units sold in the last 30 days,Not a Dark Pattern ,0
"Marc in Newton, United States purchasedKTM Stand Plate Large KTM...",Not a Dark Pattern ,0
33 people are eyeing this item!,Not a Dark Pattern ,0
2 people are looking right now,Not a Dark Pattern ,0
"Monira in Doha, Qatar purchased a LilyVanityâ„¢ Velvet Box",Not a Dark Pattern ,0
Theresa from Botkins just bought Panoply 14918 A-line Lace Formal Dress,Not a Dark Pattern ,0
"Jamie in Nashville, United States purchased",Not a Dark Pattern ,0
117 people have viewed this item in the last 7 days.,Not a Dark Pattern ,0
"Sabrina in Paraparaumu, New Zealand purchased a SCHO-KA-KOLA Schokakola energy Chocolate caffeine snack food MRE caffeinated ",Not a Dark Pattern ,0
3642 COPIES BOUGHT,Not a Dark Pattern ,0
5 Viewing This Product,Not a Dark Pattern ,0
"Matthew in Charleston, South Carolina just purchased The Puffy Lux Mattress",Not a Dark Pattern ,0
Hayden near Princeton just bought!!!: CBD VEGAN GUMMIES,Not a Dark Pattern ,0
"Long Dress Style Beach Cover Up With Lace Detail Jessica in Metairie, United States",Not a Dark Pattern ,0
"Bobby in Decatur, United States just purchased",Not a Dark Pattern ,0
"Jessica in Orange, United States purchased a Black 1920s Sequin Maxi Flapper Dress 12 minutes ago",Not a Dark Pattern ,0
"2,221 people have purchased this item",Not a Dark Pattern ,0
"19,302 people have added this item to cart",Not a Dark Pattern ,0
"25,439 people have viewed this item",Not a Dark Pattern ,0
17 people have added this item to cart,Not a Dark Pattern ,0
4 people have purchased this item,Not a Dark Pattern ,0
161 people have viewed this item,Not a Dark Pattern ,0
Someone in Egypt bought,Not a Dark Pattern ,0
"JOHN in Toowoomba City, Australia purchased a Resin Tank 7 hours ago",Not a Dark Pattern ,0
"1,142 people have added to cart recently",Not a Dark Pattern ,0
"6,743 people have viewed recently",Not a Dark Pattern ,0
"Sierra in Cypress, California bought Beauty In All Dress, Dusty Blue about 46 minutes ago",Not a Dark Pattern ,0
Your order is reserved for 09:45 minutes!,False urgency,1
00DAYS02HRS14MINS1211SEC,False urgency,1
"Due To HIGH Demand, Cart Expires In: 08:41",False urgency,1
Hurry up! Prices increase in 0 DAYS 11 HRS 59 MINS 55 SECS,False urgency,1
Cart will expire in 04:53 minutes!,False urgency,1
Your order is reserved for 09:35 minutes!,False urgency,1
00DAYS00HOURS14MINUTES21SECONDS,False urgency,1
Your order is reserved for 09:14 minutes! ,False urgency,1
0 DAYS22 HOURS13 MINUTES21 SECONDS ,False urgency,1
Today's sale ends in: 00hours:57min:19sec,False urgency,1
Hurry up! Sale Ends in,False urgency,1
Your cart is reserved for 09:35 minutes.,False urgency,1
0 Days 2 Hours 57 Minutes 53 Seconds,False urgency,1
Your order is reserved for 09:54 minutes!,False urgency,1
Your cart is reserved for 14:57 minutes!,False urgency,1
00 Days 02 Hrs 26 Mins 12 Sec Sale Ends Once The Timer Hits Zero!,False urgency,1
Activate within 0:30:00,False urgency,1
00DAYS07HOURS09MINUTES39SECONDS,False urgency,1
FREE NECKLACE FOR MOM 01Days 01Hrs 35Mins 02Secs,False urgency,1
Your order is reserved for 09:35 minutes!,False urgency,1
Hurry up! Discount Ends in DAYS HRS MINS SECS,False urgency,1
EXTRA -30% OFF WITH CODE: EXTRA30 Ends in: 0 0 0 0 days 0 0 4 4 hours . 0 0 9 9 min . 2 2 8 8 sec,False urgency,1
Your order is reserved for 09:56 minutes!,False urgency,1
Cart will expire in 08:19 minutes!,False urgency,1
SAVE $200 OFF PUFFY,False urgency,1
11 11 Hours: 00 22 Minutes: 3223 3223 Seconds,False urgency,1
00DAYS00HOURS47MINUTES36SECONDS SALE ENDS ONCE COUNTER HITS ZERO,False urgency,1
01 Hours 37 Minutes 48 Seconds 1/10s,False urgency,1
13:09:27 HOURS MINUTES SECONDS Sale Ends Once The Timer Hits Zero!,False urgency,1
00Days17Hours12Mins13Secs,False urgency,1
Your order is reserved for 29:52 minutes!,False urgency,1
Hurry! This special sale ends in 2h 42m 0s,False urgency,1
Enter your email VIEW MY CODE OFFER EXPIRES IN: 0 minutes 00 seconds EXTRA 10% OFF,False urgency,1
Save 25% on your entire order 09 Hours 57 Minutes 34Seconds use code: SPRING25,False urgency,1
Your order is reserved for 08:53 minutes!,False urgency,1
Sale ending in 0 days 04 hours 12 minutes 10 seconds,False urgency,1
Your order is reserved for 19:57 minutes.,False urgency,1
00 DAYS 00 HOURS 29 MINUTES 26 SECONDS,False urgency,1
Discount pending $10 OFF 00:30:00,False urgency,1
Your order will be reserved for 6:56 minutes.,False urgency,1
02:06:40 left to buy,False urgency,1
Special sale ends in,False urgency,1
Your order is reserved for 09:35 minutes!,False urgency,1
0011Days:0088Hours:4411Minutes:21125445Seconds,False urgency,1
FLASH 19:15:22,False urgency,1
02 DAYS :23 HOURS :00 MINS :54 SECS,False urgency,1
Please Order Within: 0 0 : 0 2 : 4 1 : 10 65,False urgency,1
Explosive Offers! 80% Off Everything 07:25:41,False urgency,1
Hurry up! Sales Ends in DAYS HRS MINS SECS by Beeketing ,False urgency,1
Your order is prioritized for 13:22 minutes!,False urgency,1
Your order is reserved for 09:35 minutes!,False urgency,1
LIMITED TIME LEFT! 00 : 46 : 11,False urgency,1
00 HRS 57 MINS 56 SECS,False urgency,1
2 DAYS 13:06:13,False urgency,1
Sale Ends in 5 days 14 hours 42 mins 53 sec,False urgency,1
Spring Sale Extended,False urgency,1
Days left until the offer ends: 00 Days 04:43:35,False urgency,1
Your cart is reserved for 14:05 minutes!,False urgency,1
"SALE ENDS IN 19 DAYS, 9 HOURS, 50 MINUTES, 54 SECONDS",False urgency,1
Your one-time offer! Enjoy 10% off sitewide. Applied at checkout Offer ends in: 04 hrs 37 min 56 sec,False urgency,1
Checkout within 04:10 so we don't run out of stock!,False urgency,1
Deal expires in: 03 hrs 25 mins 22 sec,False urgency,1
1day21:04:58,False urgency,1
1day21:04:58,False urgency,1
-90% discount if you order within 9:55:44,False urgency,1
OFFER EXPIRES IN: YES NO Want 10% Off Your First Order? 7 minutes 35 seconds,False urgency,1
Order in 13:16 to get $200 off your mattress,False urgency,1
60% OFF ENDS IN DAYS HOURS MINUTES SECONDS,False urgency,1
Your order is reserved for 09:45 minutes!,False urgency,1
00:15:07:45,False urgency,1
BE QUICK 00:57:33 DON'T MISS OUT,False urgency,1
VIP OFFERS END 00:54:59,False urgency,1
Offer ends in 15hrs 1min 56sec!,False urgency,1
3Days01:49:51 Left,False urgency,1
Your order is reserved for 09:58 minutes!,False urgency,1
activate within 10:00,False urgency,1
Hurry Up ! Time is running out,False urgency,1
Hurry! Sale ends in:,False urgency,1
4 days 05:46:20,False urgency,1
Complete your purchase within the next 12:18 minutes and receive 10% off,False urgency,1
HAUTELOOK 04:53,False urgency,1
Your order is reserved for 09:45 minutes!,False urgency,1
Offer ends 0Hours:04Minutes:46Seconds,False urgency,1
25% OFF* ENDS IN 00 : 12 : 27 : 15 DAYS HRS. MIN. SEC.,False urgency,1
3DAYS124606,False urgency,1
3DAYS124606,False urgency,1
Items will be reserved in your cart for 19:10,False urgency,1
OFFER ENDS IN: 00:32:04 TIME IS RUNNING OUT!,False urgency,1
Items will be reserved in your cart for 19:10,False urgency,1
Offer ends in 10 minutes,False urgency,1
You left 2 items in your bag Released in: 29 minutes :07 seconds,False urgency,1
Your order is reserved for 09:45 minutes!,False urgency,1
Wait! YOUR CART QUALIFIES FOR 15% OFF YOUR ENTIRE ORDER. Offer Expires in: 2955,False urgency,1
Deal Ends In 2 : DAYS13 : HRS10 : MIN24 SEC,False urgency,1
Flash Sale ends in SHOP NOW  ,False urgency,1
DEAL ENDS IN 40:55:13,False urgency,1
DEAL ENDS IN 40:55:13,False urgency,1
HURRY! DON'T MISS THIS DEAL! DAYS 0 1 HRS 1 2 MINS 3 1 SECONDS,False urgency,1
Your order is reserved for 07:28 minutes!,False urgency,1
Order in 14:53 to get 2 pillows for free,False urgency,1
HURRY! ENDS IN: 10 HRS 40 MIN 00 SEC,False urgency,1
Flash Sale - Almost Over! 00 HOURS : 55 1001 MINUTES : 0550 8778 SECONDS,False urgency,1
LAST CHANCE - UP TO 70% OFF - ENDS IN: 20 HRS 28 MINS 30 SECS,False urgency,1
1DAYS 04 HOURS 17 MINUTES 18 SECONDS,False urgency,1
HURRY! YOUR 10% OFF EXPIRES IN 29:43,False urgency,1
Offer ends in 03 days 19 hours : 54 mins : 22 secs,False urgency,1
35% OFF EVERYTHING* EXCL SALE & BEAUTY ENTER: DOLL35 - HURRY! ENDS IN  16H 59M 06S,False urgency,1
"HURRY, ORDER WITHIN 16h 59m 06s TO GET 35% OFF EVERYTHING* EXCL SALE & BEAUTY ENTER: DOLL35",False urgency,1
LAST CHANCE TO SAVE... enter your email to Save 20% on your first order 00 hours :29 minutes :43 seconds,False urgency,1
DAYS HRS MINS SECS,False urgency,1
OFFER ENDS 00:54:59,False urgency,1
HURRY! ENDS IN: 11 HRS 20 MIN 13 SEC,False urgency,1
Your order is reserved for 09:45 minutes!,False urgency,1
Your order has been reserved for,False urgency,1
"Ends in 1 Days, 4 Minutes, 44 Seconds",False urgency,1
OFFER ENDS: 09h: 09m: 55s: 0 ,False urgency,1
HURRY UP > 09H 42M 39S,False urgency,1
Your order is reserved for 09:43 minutes!,False urgency,1
Items reserved for 15:00,False urgency,1
Get 20% off Sample Doors! Ã—Offer Ends In 58 : 29 Use Promo Code sample20off,False urgency,1
Massive Tax Time Sale See Discounts! Sale ends in,False urgency,1
1 day 08:15:25,False urgency,1
Your order is reserved for 09:45 minutes!,False urgency,1
SAVE 10% On All Orders. No Voucher Code Needed Expires in 18:07:59.,False urgency,1
Your order is reserved for 09:35 minutes!,False urgency,1
"Hurry, Limited Time Offer! 11:25",False urgency,1
Time remaining: 04:50,False urgency,1
Price Guaranteed For DAYS/HRS/MINS/SECS,False urgency,1
Your order is reserved for 09:45 minutes!,False urgency,1
Your order is reserved for 09:35 minutes!,False urgency,1
"Hurry, Sale ends in 9 Hours!",False urgency,1
Merchandise: $69.99iService Charge: $14.99 Total Before Tax: $84.98 Estimated Tax:$5.63Order Total: $90.61,False urgency,1
Unlock a secret discount by placing this item in your cart.,Basket sneaking,1
Congratulations! You've qualified for an exclusive offer automatically added to your basket.,Basket sneaking,1
Your cart just got an upgrade – check out the surprise addition!,Basket sneaking,1
Proceed to checkout for a personalized deal on your selected items.,Basket sneaking,1
Enjoy a special discount on these items when added to your cart.,Basket sneaking,1
We've reserved a limited-time offer just for your shopping cart.,Basket sneaking,1
Don't miss out! Add this item to your cart to reveal a hidden promotion.,Basket sneaking,1
Surprise savings! Items in your cart are now part of a limited-time bundle.,Basket sneaking,1
Add to cart for access to a members-only flash sale.,Basket sneaking,1
You've hit the jackpot! Unlock additional discounts by adding to your basket.,Basket sneaking,1
Your cart is special! Enjoy an exclusive discount on selected items.,Basket sneaking,1
Limited-time deal alert! Proceed to checkout to unveil the surprise.,Basket sneaking,1
Get a bonus item when you add these products to your shopping cart.,Basket sneaking,1
Congratulations! Your cart has been upgraded with a bonus inclusion.,Basket sneaking,1
Exclusive perks await in your cart. Proceed to checkout to discover.,Basket sneaking,1
Curious what's in your cart? Surprise discounts await at checkout.,Basket sneaking,1
Your cart just got an extra item – enjoy the bonus surprise!,Basket sneaking,1
Add this item to your cart for a chance to win exclusive prizes.,Basket sneaking,1
Unlock hidden savings by placing this item in your shopping basket.,Basket sneaking,1
"Don't just shop, shop smart! Exclusive discounts inside your cart.",Basket sneaking,1
Your cart is special! Discover secret deals on selected items.,Basket sneaking,1
Congratulations! Your cart has been chosen for an exclusive promotion.,Basket sneaking,1
Add to cart now for a limited-time offer on your selected items.,Basket sneaking,1
Surprise upgrade! Your cart now includes a bonus item.,Basket sneaking,1
Exciting news! Your cart has been enhanced with a surprise addition.,Basket sneaking,1
Get more for less! Items in your cart now part of a special bundle.,Basket sneaking,1
Discover hidden discounts by proceeding to checkout with your cart.,Basket sneaking,1
Your cart just got better – explore the added value at checkout.,Basket sneaking,1
Add these items to your cart for a chance to access VIP deals.,Basket sneaking,1
Upgrade alert! Special offers unlocked when you add to your cart.,Basket sneaking,1
Curious about additional costs? Discover handling fees at checkout.,Basket sneaking,1
Proceed to cart to unveil exclusive shipping surcharges.,Basket sneaking,1
Unlock hidden expenses! Details revealed after adding to your cart.,Basket sneaking,1
Special handling fees may apply – proceed to checkout for disclosure.,Basket sneaking,1
Surprise charges await! Reveal them by adding to your shopping cart.,Basket sneaking,1
Proceed to checkout for exclusive insights into extra fees.,Basket sneaking,1
Add items to your cart to discover unexpected handling charges.,Basket sneaking,1
Exclusive fees unlocked! Proceed to the cart for a surprise reveal.,Basket sneaking,1
See what's in your cart and uncover exclusive handling costs.,Basket sneaking,1
Hidden expenses inside! Checkout to reveal surprise charges.,Basket sneaking,1
Add to cart for an exclusive look at undisclosed shipping fees.,Basket sneaking,1
Proceed to checkout for a peek at the secret handling charges.,Basket sneaking,1
"Surprise, surprise! Exclusive fees disclosed after cart addition.",Basket sneaking,1
Discover the hidden cost! Checkout for exclusive handling fees.,Basket sneaking,1
Proceed to cart for a special look at surprise shipping expenses.,Basket sneaking,1
Unlock extra charges by adding to your cart. Details at checkout.,Basket sneaking,1
Surprise fees included! Reveal them by proceeding to the cart.,Basket sneaking,1
Add to your cart for a special reveal of undisclosed handling costs.,Basket sneaking,1
Proceed to checkout for a peek at the exclusive shipping surcharges.,Basket sneaking,1
Uncover exclusive fees by proceeding to the cart with your items.,Basket sneaking,1
Hidden handling costs inside! See them revealed at checkout.,Basket sneaking,1
Proceed to cart and unveil the surprise of additional charges.,Basket sneaking,1
Add to cart to discover exclusive fees not disclosed elsewhere.,Basket sneaking,1
Exclusive charges await! Proceed to checkout for the reveal.,Basket sneaking,1
Unveil the surprise! Exclusive handling costs disclosed at checkout.,Basket sneaking,1
Proceed to cart for an inside look at undisclosed extra expenses.,Basket sneaking,1
Hidden charges alert! Reveal them by adding items to your cart.,Basket sneaking,1
Unlock the mystery fees by proceeding to checkout with your cart.,Basket sneaking,1
Add to cart and discover the surprise of exclusive handling charges.,Basket sneaking,1
Proceed to checkout for an exclusive peek at undisclosed fees.,Basket sneaking,1
"Yes, I want to receive updates” and No thanks, I’d rather not know”.",Confirm Shaming,1
"Yes, sign me up” and No, I like missing out”.",Confirm Shaming,1
" Yes, I want to stay informed” and No, I prefer to be uninformed”.",Confirm Shaming,1
"Yes, I want to be smarter” and No, I like being dumb”.",Confirm Shaming,1
"Yes, I want to know more” and No, I’m not interested in the truth”.",Confirm Shaming,1
" Yes, I want to stay informed” and No, I prefer to be ignorant”.",Confirm Shaming,1
" Yes, I want to be in the know” and No, I’m happy being clueless”.",Confirm Shaming,1
" Yes, I want to stay informed” and No, I prefer to be kept in the dark”.",Confirm Shaming,1
"Yes, I want to know more” and No, I’m good being uninformed”.",Confirm Shaming,1
" Yes, I want to stay informed” and No, I prefer to be kept in the dark”.",Confirm Shaming,1
"Yes, I want to stay informed” and No, I prefer to be uninformed”.",Confirm Shaming,1
" Yes, I want to stay informed” and No, I prefer to be kept in the dark”.",Confirm Shaming,1
" Yes, I want to stay informed” and No, I prefer to be kept in the dark”.",Confirm Shaming,1
"increase my conversions and no thanjs, I am fine lossing customers .",Confirm Shaming,1
turn off Ad blocker and I am a bad person,Confirm Shaming,1
"click to continue! and NO, I am stupid",Confirm Shaming,1
yes and no I don't like free things,Confirm Shaming,1
"yes I admire beauty and no, I don't like beautiful things",Confirm Shaming,1
"yes send me the meal plane and no thanks, idon't like delicious food",Confirm Shaming,1
"sign up and no thanks, I really hate saving money",Confirm Shaming,1
get my 5$ off now and I prefer to pay full price,Confirm Shaming,1
"sign up and get my 15% and no thanks, I'm not into savings",Confirm Shaming,1
"subscribe to get good health  and nope, I don't care enough",Confirm Shaming,1
learn italian today or language bird will eat poison loaf of bread and the next email will be a funeral e-vite,Confirm Shaming,1
"get started and no thanks, I don't want to look my best",Confirm Shaming,1
"I don't want samter email and yes, I want it",Confirm Shaming,1
"sign up + get coupon and nah, I like paying full price",Confirm Shaming,1
"apply now for my millionaire challenge and  no thanks, I'd rather be a rebel thousandaire ",Confirm Shaming,1
"send me my free guide and no thanks, I aldready know everything about growing vegetables",Confirm Shaming,1
yes bulletproof my health and no health means nothing,Confirm Shaming,1
"yes, gladly and  I don't want to help my dog",Confirm Shaming,1
"show me 14 simple dinners and no thanks, I'll have a microwave dinner tonight",Confirm Shaming,1
"subscribe to make more money and no,thanks, I'd rather stay poor",Confirm Shaming,1
"subscribe me and no, I want my plants to die",Confirm Shaming,1
"allow and  no, I prefer to bleed to death",Confirm Shaming,1
obviously and I'm boring,Confirm Shaming,1
get my offer and I don't want my mystery offer,Confirm Shaming,1
"yes! You had me a free  and no thnaks, I'm aldready a genius and can identify every font with ease",Confirm Shaming,1
"sign up for a more personalized experience  and no, thanks1 am just a guest visitor",Confirm Shaming,1
"heck yea and nope, I'm rich",Confirm Shaming,1
yes make me more effective  and  no I don't want more knowledge,Confirm Shaming,1
"yum! Need now and Nah, I'm good",Confirm Shaming,1
remove ads  and no thanks! I love ads!,Confirm Shaming,1
"yes I want best for me and my family and no thanks, I'd rather stay stupid, unhappy and poor",Confirm Shaming,1
"yes, I want more subscribers! and No, I have enough leads",Confirm Shaming,1
"yes, count me in! and  no! I love being poor",Confirm Shaming,1
live healthier  and  no I don't want to be healthier,Confirm Shaming,1
"join now and no thanks, I don't want unlimited one day delivery",Confirm Shaming,1
book a demo and ruin my day - unsubscribe,Confirm Shaming,1
"yes, I want to improve and  I don't want the research",Confirm Shaming,1
"get the pdf and  no thanks, I like to make bad choices",Confirm Shaming,1
" enter for a chance to win and thanks, but no thanks",Confirm Shaming,1
" donate and be a good human and  no, I am not a good human",Confirm Shaming,1
"yes and no, I like missing out",Confirm Shaming,1
"sign me up and  no thanks, I don't want to understand my dog ",Confirm Shaming,1
"yes sign me up and no, I don't eat healthy food",Confirm Shaming,1
"sign up and no thanks, I'd rather be miserable",Confirm Shaming,1
"schedule a consultant  and no thanks, I have microsoft paint",Confirm Shaming,1
"view now and no thanks, I like wearing lame clothes",Confirm Shaming,1
"find out now and  no, I don't care which is best",Confirm Shaming,1
Sign up now for a chance to win a shopping spree,Forced Action,1
Get 10% off your first order – sign up today!,Forced Action,1
Get notified about new arrivals. Subscribe to our alerts.,Forced Action,1
Free trial available for premium membership – sign up today!,Forced Action,1
Sign up for our auto-renewal plan and enjoy hassle-free shopping.,Forced Action,1
Subscribe to our email list for a welcome discount.,Forced Action,1
Subscribe to our premium newsletter for insider tips and tricks.,Forced Action,1
Sign up for our text alerts and stay in the loop.,Forced Action,1
"I've read and accept the terms & conditions * , I also authorize Bosley to contact me by phone or text utilizing automated dialing equipment, as well as by email or mail with information about appointments, products, services, news or promotions. I also agree to Bosley's Terms of Service. Otherwise, call Bosley at 800-985-6405 to request your FREE information kit or to schedule your FREE no-obligation consultation.",Forced Action,1
I accept the Terms & Conditions of the FREE Brother Care Program and agree to receive exclusive offers and general promotions from Brother. I may withdraw my consent at any time.,Forced Action,1
I would like to join Backstage Pass & agree to the Terms & Conditions & to receive emails & other promotional offers.,Forced Action,1
I agree to receive marketing emails from Natural Life and agree to our Privacy Policy and terms of use.,Forced Action,1
You must enter your credit card information to access this free trial.,Forced Action,1
 You must purchase this item to complete your order.”,Forced Action,1
 You must create an account to access this page.”,Forced Action,1
 You must agree to our terms and conditions to complete your purchase.”,Forced Action,1
You must purchase a minimum of 3 items to qualify for free shipping.”,Forced Action,1
 Your cart is about to expire. Checkout now to avoid losing your items.”,Forced Action,1
You must sign up for our newsletter to access this exclusive offer.”,Forced Action,1
 Complete your purchase within the next 5 minutes to get a 10% discount.”,Forced Action,1
by accepting the terms and conditions I agree to recive mails and other promotional offers ,Forced Action,1
get 6 months of access for $235.00 USD (includes 20% discount) after the free trial or audit the course,Forced Action,1
free shipping when you spend $49.99 - only $40.00 to go!,Forced Action,1
get a mug free and additional $1 postage and packaging charge applies yes add to the basket,Forced Action,1
congratulations along with th purchase you also got our insider membership woth Rs 300!,Forced Action,1
Pillowcases & Shams,Not a Dark Pattern ,0
Write a review,Not a Dark Pattern ,0
"We cannot guarantee door to door delivery for every customer. Buyers in remote areas such as farms, islands, mining camps, small towns, or out-of-towners, etc may need to collect from their nearest freight depot.",Not a Dark Pattern ,0
International Shipping Policy,Not a Dark Pattern ,0
"Clothes, Shoes & Accessories",Not a Dark Pattern ,0
READY FOR YOUR NEXT AUTHENTIC NHL JERSEY?,Not a Dark Pattern ,0
Bathroom Lighting,Not a Dark Pattern ,0
Supply & Demand ,Not a Dark Pattern ,0
Daystate FAC Air Rifles,Not a Dark Pattern ,0
 #CERTIFIED_FACE_MASKS,Not a Dark Pattern ,0
Shop the Look,Not a Dark Pattern ,0
Whey Protein Isolate,Not a Dark Pattern ,0
Sign In With Google,Not a Dark Pattern ,0
Screen print graphics,Not a Dark Pattern ,0
Womens Platform Shoes,Not a Dark Pattern ,0
Thin and tough - protects from minor scratches,Not a Dark Pattern ,0
Awntech New Yorker Window/Entry Slope Awnin ...,Not a Dark Pattern ,0
A customer service specialist will contact you soon.,Not a Dark Pattern ,0
Screws & Other Fixings,Not a Dark Pattern ,0
Use the domain shortly after payment,Not a Dark Pattern ,0
Office Supplies & Decor,Not a Dark Pattern ,0
Hair type: Curly,Not a Dark Pattern ,0
FAMILY SHADE PACK | PICK YOUR PACK,Not a Dark Pattern ,0
Promaster City Remotes,Not a Dark Pattern ,0
View All Home Office Furniture ,Not a Dark Pattern ,0
Glow Gear,Not a Dark Pattern ,0
Deals of the Week,Not a Dark Pattern ,0
Fun Treat Tossing,Not a Dark Pattern ,0
Sweep Train Simple A Line Tulle Wedding Dress with Appliques and Beading,Not a Dark Pattern ,0
Trousers & Chinos,Not a Dark Pattern ,0
Your shopping bag is empty...,Not a Dark Pattern ,0
Child Safety,Not a Dark Pattern ,0
Cosmic Rainbow ,Not a Dark Pattern ,0
Pick the price that matches your budget. ,Not a Dark Pattern ,0
Netherlands Antilles USD,Not a Dark Pattern ,0
"An item you ordered is in high demand. No worries, we have reserved your order.",Not a Dark Pattern ,0
Will sell out fast!,Not a Dark Pattern ,0
Strong demand! Complete your order before it's too late!,Not a Dark Pattern ,0
"An item you ordered is in high demand. No worries, we have reserved your order.",Not a Dark Pattern ,0
With 1-year Care Subscription 10 days history,Not a Dark Pattern ,0
Items in your cart are in VERY high-demand.,Not a Dark Pattern ,0
"Subscribe, Like and Save",Not a Dark Pattern ,0
Items in your cart are in high demand.,Not a Dark Pattern ,0
Extremely high demand: expect 2-4 weeks for it to arrive (to be safe). Limit 4 per person!,Not a Dark Pattern ,0
"An item you ordered is in high demand. No worries, we have reserved your order.",Not a Dark Pattern ,0
High demand,Not a Dark Pattern ,0
HIGH DEMAND,Not a Dark Pattern ,0
"An item you ordered is in high demand. No worries, we have prioritized your order.",Not a Dark Pattern ,0
Your purchase entitles you to the following special,Not a Dark Pattern ,0
This item is in high demand.,Not a Dark Pattern ,0
"Sorry, this is out of stock. You just missed it.",Not a Dark Pattern ,0
Items in your cart are selling fast,Not a Dark Pattern ,0
"An item you ordered is in high demand. No worries, we have reserved your order.",Not a Dark Pattern ,0
Subscribe & Save (15%): $ 16.99,Not a Dark Pattern ,0
Shipping Insurance Remove Insurance,Not a Dark Pattern ,0
TWO FREE PILLOWS AND 30% OFF WITH PROMO CODE,Not a Dark Pattern ,0
"ONCE IT'S GONE, IT'S GONE",Not a Dark Pattern ,0
People also buy this with,Not a Dark Pattern ,0
Add to Your Gift and We'll Ship it For Free!,Not a Dark Pattern ,0
"No thanks, I just want the item",Not a Dark Pattern ,0
Personalize your doll,Not a Dark Pattern ,0
Nice choice.,Not a Dark Pattern ,0
Add and save!,Not a Dark Pattern ,0
YOUR CART IS ELIGIBLE FOR AN ADDITIONAL 10% OFF Including Current Promotions ,Not a Dark Pattern ,0
6 customers have this in their basket,Not a Dark Pattern ,0
7 customers have this in their basket,Not a Dark Pattern ,0
6 customers have this in their basket,Not a Dark Pattern ,0
Someone in Boling Iago Texas United States Purchased Seek Discomfort Sketch White iPhone Case 5 hours ago,Not a Dark Pattern ,0
Selling fast! Add to bag 7 times in the last 48 hours.,Not a Dark Pattern ,0
228 People Have Viewed This Product Recently!,Not a Dark Pattern ,0
"Sandeep in Hawthorne, California bought Sadie Ponte Pants - Black Just Now",Not a Dark Pattern ,0
jennifer just bought Rainbow Moonstone Healing Heartabout 6 hours ago,Not a Dark Pattern ,0
3 other people are currently viewing this item.,Not a Dark Pattern ,0
"Someone in Petaling Jaya, Malaysia just bought SNEAKERGUARD Midsole Paint Marker - BOOST White",Not a Dark Pattern ,0
"Oliver in Rotterdam, Netherlands purchased a England Away Soccer Shorts 2018 About 9 hours ago",Not a Dark Pattern ,0
"Michael in Pontiac, United States purchased a  ",Not a Dark Pattern ,0
Other 2 customers have it in their cart.,Not a Dark Pattern ,0
"Trey in Sparta, United States purchased Stealth Angel Ultra Lightweight & Portable Sleeping Bag about 45 minutes ago",Not a Dark Pattern ,0
1044 sold in past 12 months,Not a Dark Pattern ,0
2 customers recently bought it,Not a Dark Pattern ,0
"Tambria in Hattiesburg just bought Peruvian Virgin Natural Wave Hair 3 Bundles with Lace Frontal, 100% Human Virgin Hair ",Not a Dark Pattern ,0
2 PEOPLE HAVE ADDED THIS ITEM TO THEIR CART TODAY,Not a Dark Pattern ,0
The product is available in various colors,Not a Dark Pattern ,0
"See in red, blue, green",Not a Dark Pattern ,0
"Grey, Purple and Blue shades available",Not a Dark Pattern ,0
"Our website values transparency, and we provide clear information about our privacy practices.",Not a Dark Pattern ,0
You have the option to easily unsubscribe from our newsletter at any time.,Not a Dark Pattern ,0
We prioritize user-friendly design to enhance your experience on our platform.,Not a Dark Pattern ,0
"Your security is our top priority, and we use encryption to protect your personal information.",Not a Dark Pattern ,0
We offer helpful notifications to keep you informed about relevant updates and promotions.,Not a Dark Pattern ,0
Customize your notification preferences to receive only the information that matters to you.,Not a Dark Pattern ,0
Easily access and manage your account settings to ensure a personalized experience.,Not a Dark Pattern ,0
We provide straightforward pricing information with no hidden fees.,Not a Dark Pattern ,0
Our customer support team is available to assist you with any questions or concerns.,Not a Dark Pattern ,0
"You can trust that your data is handled responsibly, in compliance with industry standards.",Not a Dark Pattern ,0
Pillowcases & Shams,Not a Dark Pattern ,0
Write a review,Not a Dark Pattern ,0
"We cannot guarantee door to door delivery for every customer. Buyers in remote areas such as farms, islands, mining camps, small towns, or out-of-towners, etc may need to collect from their nearest freight depot.",Not a Dark Pattern ,0
International Shipping Policy,Not a Dark Pattern ,0
"Clothes, Shoes & Accessories",Not a Dark Pattern ,0
READY FOR YOUR NEXT AUTHENTIC NHL JERSEY?,Not a Dark Pattern ,0
Bathroom Lighting,Not a Dark Pattern ,0
Supply & Demand ,Not a Dark Pattern ,0
Daystate FAC Air Rifles,Not a Dark Pattern ,0
 #CERTIFIED_FACE_MASKS,Not a Dark Pattern ,0
Shop the Look,Not a Dark Pattern ,0
Whey Protein Isolate,Not a Dark Pattern ,0
Sign In With Google,Not a Dark Pattern ,0
Screen print graphics,Not a Dark Pattern ,0
Womens Platform Shoes,Not a Dark Pattern ,0
Thin and tough - protects from minor scratches,Not a Dark Pattern ,0
Awntech New Yorker Window/Entry Slope Awnin ...,Not a Dark Pattern ,0
A customer service specialist will contact you soon.,Not a Dark Pattern ,0
Screws & Other Fixings,Not a Dark Pattern ,0
Use the domain shortly after payment,Not a Dark Pattern ,0
Office Supplies & Decor,Not a Dark Pattern ,0
Hair type: Curly,Not a Dark Pattern ,0
FAMILY SHADE PACK | PICK YOUR PACK,Not a Dark Pattern ,0
Promaster City Remotes,Not a Dark Pattern ,0
View All Home Office Furniture ,Not a Dark Pattern ,0
Glow Gear,Not a Dark Pattern ,0
Deals of the Week,Not a Dark Pattern ,0
Fun Treat Tossing,Not a Dark Pattern ,0
Sweep Train Simple A Line Tulle Wedding Dress with Appliques and Beading,Not a Dark Pattern ,0
Trousers & Chinos,Not a Dark Pattern ,0
Your shopping bag is empty...,Not a Dark Pattern ,0
Child Safety,Not a Dark Pattern ,0
Cosmic Rainbow ,Not a Dark Pattern ,0
Pick the price that matches your budget. ,Not a Dark Pattern ,0
Netherlands Antilles USD,Not a Dark Pattern ,0
Charming garden decor,Not a Dark Pattern ,0
Healthy homemade recipes,Not a Dark Pattern ,0
Adopt a sustainable lifestyle,Not a Dark Pattern ,0
Mindfulness meditation for beginners,Not a Dark Pattern ,0
Explore local art galleries,Not a Dark Pattern ,0
DIY crafting ideas,Not a Dark Pattern ,0
Learn a new language,Not a Dark Pattern ,0
Nature photography workshop,Not a Dark Pattern ,0
Virtual book club discussion,Not a Dark Pattern ,0
Outdoor yoga retreat,Not a Dark Pattern ,0
Volunteer at a local shelter,Not a Dark Pattern ,0
Historical fiction book recommendations,Not a Dark Pattern ,0
Home gardening tips,Not a Dark Pattern ,0
Artisanal coffee tasting event,Not a Dark Pattern ,0
Discover hidden hiking trails,Not a Dark Pattern ,0
Local farmers market visit,Not a Dark Pattern ,0
Mindful breathing exercises,Not a Dark Pattern ,0
Science fiction film marathon,Not a Dark Pattern ,0
Creative writing workshop,Not a Dark Pattern ,0
Explore sustainable fashion,Not a Dark Pattern ,0
Visit a community garden,Not a Dark Pattern ,0
Online classical music concert,Not a Dark Pattern ,0
Fitness and wellness challenge,Not a Dark Pattern ,0
Digital painting tutorial,Not a Dark Pattern ,0
Healthy smoothie recipes,Not a Dark Pattern ,0
Attend a virtual poetry reading,Not a Dark Pattern ,0
Cooking class with a local chef,Not a Dark Pattern ,0
Mindful meditation retreat,Not a Dark Pattern ,0
Interactive art exhibition,Not a Dark Pattern ,0
DIY home organization tips,Not a Dark Pattern ,0
Sustainable living workshop,Not a Dark Pattern ,0
Discover indie music bands,Not a Dark Pattern ,0
DIY eco-friendly home projects,Not a Dark Pattern ,0
Art and wine tasting event,Not a Dark Pattern ,0
Explore hidden beach destinations,Not a Dark Pattern ,0
Mindful yoga and meditation,Not a Dark Pattern ,0
Virtual reality game night,Not a Dark Pattern ,0
Healthy plant-based recipes,Not a Dark Pattern ,0
Join a community clean-up,Not a Dark Pattern ,0
Local artist showcase,Not a Dark Pattern ,0
Learn to play a musical instrument,Not a Dark Pattern ,0
Indoor herb gardening tips,Not a Dark Pattern ,0
Join a photography club,Not a Dark Pattern ,0
Virtual travel experiences,Not a Dark Pattern ,0
Creative journaling ideas,Not a Dark Pattern ,0
Explore urban street art,Not a Dark Pattern ,0
Volunteer at a food bank,Not a Dark Pattern ,0
Mindful nature walks,Not a Dark Pattern ,0
DIY upcycling projects,Not a Dark Pattern ,0
Wellness and self-care routine,Not a Dark Pattern ,0
Discover vintage bookstores,Not a Dark Pattern ,0
Cooking with seasonal ingredients,Not a Dark Pattern ,0
Join a mindfulness book club,Not a Dark Pattern ,0
Art therapy for relaxation,Not a Dark Pattern ,0
Virtual dance fitness classes,Not a Dark Pattern ,0
Bird watching in local parks,Not a Dark Pattern ,0
Support local farmers,Not a Dark Pattern ,0
Create a personalized playlist,Not a Dark Pattern ,0
DIY natural skincare recipes,Not a Dark Pattern ,0
Learn origami and paper crafts,Not a Dark Pattern ,0
Explore local historical sites,Not a Dark Pattern ,0
Digital art and design showcase,Not a Dark Pattern ,0
Mindful morning routine ideas,Not a Dark Pattern ,0
Discover local cultural festivals,Not a Dark Pattern ,0
Join a virtual coding bootcamp,Not a Dark Pattern ,0
DIY sustainable fashion projects,Not a Dark Pattern ,0
Explore mountain biking trails,Not a Dark Pattern ,0
Attend a virtual science lecture,Not a Dark Pattern ,0
Support local wildlife conservation,Not a Dark Pattern ,0
Cooking with international flavors,Not a Dark Pattern ,0
Join an astronomy club,Not a Dark Pattern ,0
Virtual escape room challenge,Not a Dark Pattern ,0
Mindfulness and stress relief techniques,Not a Dark Pattern ,0
DIY home spa day ideas,Not a Dark Pattern ,0
Explore contemporary art installations,Not a Dark Pattern ,0
Volunteer at a community garden,Not a Dark Pattern ,0
Learn to play board games online,Not a Dark Pattern ,0
Nature-inspired poetry writing,Not a Dark Pattern ,0
Indoor plant care workshop,Not a Dark Pattern ,0
Virtual theater performance night,Not a Dark Pattern ,0
Creative pasta making class,Not a Dark Pattern ,0
Join a birdwatching group,Not a Dark Pattern ,0
Mindful breathing exercises,Not a Dark Pattern ,0
DIY home decor with recycled materials,Not a Dark Pattern ,0
Explore hidden gems in your city,Not a Dark Pattern ,0
Support local artisans and crafts,Not a Dark Pattern ,0
Learn traditional dance styles,Not a Dark Pattern ,0
Virtual history trivia night,Not a Dark Pattern ,0
Healthy meal prep and planning,Not a Dark Pattern ,0
Explore DIY home improvement projects,Not a Dark Pattern ,0
Join a local environmental cleanup,Not a Dark Pattern ,0
Mindful coloring and drawing session,Not a Dark Pattern ,0
Virtual travel photography exhibition,Not a Dark Pattern ,0
Discover local sustainable brands,Not a Dark Pattern ,0
Cooking class with a professional chef,Not a Dark Pattern ,0
Join a virtual philosophy discussion,Not a Dark Pattern ,0
Attend a digital storytelling workshop,Not a Dark Pattern ,0
Explore local farmers' markets,Not a Dark Pattern ,0
Mindful outdoor painting session,Not a Dark Pattern ,0
DIY zero-waste living ideas,Not a Dark Pattern ,0
Explore hidden waterfalls nearby,Not a Dark Pattern ,0
Join a virtual language exchange,Not a Dark Pattern ,0
Healthy dessert recipes at home,Not a Dark Pattern ,0
Volunteer at a local community center,Not a Dark Pattern ,0
Discover local independent bookshops,Not a Dark Pattern ,0
Join a virtual chess tournament,Not a Dark Pattern ,0
Mindful gardening for relaxation,Not a Dark Pattern ,0
DIY recycled art projects,Not a Dark Pattern ,0
Local artisanal chocolate tasting,Not a Dark Pattern ,0
Explore virtual reality travel experiences,Not a Dark Pattern ,0
Join a virtual birdwatching tour,Not a Dark Pattern ,0
Cooking with fresh farmers' market finds,Not a Dark Pattern ,0
Creative writing prompts for inspiration,Not a Dark Pattern ,0
Attend a virtual astronomy lecture,Not a Dark Pattern ,0
Nature-inspired home decor ideas,Not a Dark Pattern ,0
Support local street food vendors,Not a Dark Pattern ,0
Learn the basics of calligraphy,Not a Dark Pattern ,0
Join a virtual film discussion club,Not a Dark Pattern ,0
Mindfulness and nature drawing class,Not a Dark Pattern ,0
DIY eco-friendly cleaning products,Not a Dark Pattern ,0
Explore hidden urban street murals,Not a Dark Pattern ,0
Volunteer at a senior care facility,Not a Dark Pattern ,0
Virtual dance party with friends,Not a Dark Pattern ,0
Healthy meal ideas for busy schedules,Not a Dark Pattern ,0
Discover local vintage clothing stores,Not a Dark Pattern ,0
Join a virtual history book club,Not a Dark Pattern ,0
Mindful forest bathing experience,Not a Dark Pattern ,0
DIY personalized gift ideas,Not a Dark Pattern ,0
Explore local artisanal coffee shops,Not a Dark Pattern ,0
Attend a virtual science experiment show,Not a Dark Pattern ,0
Cooking class featuring regional cuisines,Not a Dark Pattern ,0
Join a virtual travel photography workshop,Not a Dark Pattern ,0
Mindfulness and meditation retreat,Not a Dark Pattern ,0
DIY indoor herb garden project,Not a Dark Pattern ,0
Explore local cultural heritage sites,Not a Dark Pattern ,0
Mindful outdoor painting session,Not a Dark Pattern ,0
DIY zero-waste living ideas,Not a Dark Pattern ,0
Explore hidden waterfalls nearby,Not a Dark Pattern ,0
Join a virtual language exchange,Not a Dark Pattern ,0
Healthy dessert recipes at home,Not a Dark Pattern ,0
Volunteer at a local community center,Not a Dark Pattern ,0
Discover local independent bookshops,Not a Dark Pattern ,0
Join a virtual chess tournament,Not a Dark Pattern ,0
Mindful gardening for relaxation,Not a Dark Pattern ,0
DIY recycled art projects,Not a Dark Pattern ,0
Local artisanal chocolate tasting,Not a Dark Pattern ,0
Explore virtual reality travel experiences,Not a Dark Pattern ,0
Join a virtual birdwatching tour,Not a Dark Pattern ,0
Cooking with fresh farmers' market finds,Not a Dark Pattern ,0
Creative writing prompts for inspiration,Not a Dark Pattern ,0
Attend a virtual astronomy lecture,Not a Dark Pattern ,0
Nature-inspired home decor ideas,Not a Dark Pattern ,0
Support local street food vendors,Not a Dark Pattern ,0
Learn the basics of calligraphy,Not a Dark Pattern ,0
Join a virtual film discussion club,Not a Dark Pattern ,0
Mindfulness and nature drawing class,Not a Dark Pattern ,0
DIY eco-friendly cleaning products,Not a Dark Pattern ,0
Explore hidden urban street murals,Not a Dark Pattern ,0
Volunteer at a senior care facility,Not a Dark Pattern ,0
Virtual dance party with friends,Not a Dark Pattern ,0
Healthy meal ideas for busy schedules,Not a Dark Pattern ,0
Discover local vintage clothing stores,Not a Dark Pattern ,0
Join a virtual history book club,Not a Dark Pattern ,0
Mindful forest bathing experience,Not a Dark Pattern ,0
DIY personalized gift ideas,Not a Dark Pattern ,0
Explore local artisanal coffee shops,Not a Dark Pattern ,0
Attend a virtual science experiment show,Not a Dark Pattern ,0
Cooking class featuring regional cuisines,Not a Dark Pattern ,0
Join a virtual travel photography workshop,Not a Dark Pattern ,0
Mindfulness and meditation retreat,Not a Dark Pattern ,0
DIY indoor herb garden project,Not a Dark Pattern ,0
Explore local cultural heritage sites,Not a Dark Pattern ,0
Join a virtual music trivia night,Not a Dark Pattern ,0
DIY natural insect repellent recipes,Not a Dark Pattern ,0
Explore hidden gem hiking trails,Not a Dark Pattern ,0
Attend a virtual wildlife conservation talk,Not a Dark Pattern ,0
Cooking with seasonal farmers' market produce,Not a Dark Pattern ,0
Mindfulness and mindful eating workshop,Not a Dark Pattern ,0
Volunteer at a local animal shelter,Not a Dark Pattern ,0
Discover local independent film screenings,Not a Dark Pattern ,0
Join a virtual coding and programming meetup,Not a Dark Pattern ,0
DIY upcycled furniture projects,Not a Dark Pattern ,0
Explore virtual museum exhibits,Not a Dark Pattern ,0
Attend a virtual board game night,Not a Dark Pattern ,0
Healthy snack ideas for on-the-go,Not a Dark Pattern ,0
Join a virtual dance fitness class,Not a Dark Pattern ,0
Mindful photography and photo walk,Not a Dark Pattern ,0
DIY indoor plant propagation workshop,Not a Dark Pattern ,0
Explore local historical architecture,Not a Dark Pattern ,0
Virtual escape room challenge with friends,Not a Dark Pattern ,0
Cooking class featuring plant-based cuisine,Not a Dark Pattern ,0
Join a virtual bookbinding workshop,Not a Dark Pattern ,0
Mindfulness and relaxation podcast recommendations,Not a Dark Pattern ,0
DIY sustainable fashion swap event,Not a Dark Pattern ,0
Explore virtual reality art experiences,Not a Dark Pattern ,0
Volunteer at a community food bank,Not a Dark Pattern ,0
Discover local art and craft markets,Not a Dark Pattern ,0
Join a virtual meditation and yoga retreat,Not a Dark Pattern ,0
Cooking with international spice blends,Not a Dark Pattern ,0
Mindful walking meditation in nature,Not a Dark Pattern ,0
DIY eco-friendly gift wrapping ideas,Not a Dark Pattern ,0
Explore hidden lakeside picnic spots,Not a Dark Pattern ,0
Attend a virtual technology innovation talk,Not a Dark Pattern ,0
Join a virtual historical fiction book club,Not a Dark Pattern ,0
Mindfulness and breathing techniques for stress relief,Not a Dark Pattern ,0
DIY personalized home fragrance recipes,Not a Dark Pattern ,0
Explore local mural art walking tour,Not a Dark Pattern ,0
Join a virtual live music concert,Not a Dark Pattern ,0
DIY reusable cloth mask making workshop,Not a Dark Pattern ,0
Explore hidden botanical gardens,Not a Dark Pattern ,0
Attend a virtual astronomy stargazing event,Not a Dark Pattern ,0
Cooking class featuring global street food,Not a Dark Pattern ,0
Mindfulness and meditation app recommendations,Not a Dark Pattern ,0
Volunteer at a local environmental cleanup,Not a Dark Pattern ,0
Discover local indie game developers,Not a Dark Pattern ,0
Join a virtual spoken word poetry session,Not a Dark Pattern ,0
DIY sustainable home energy-saving tips,Not a Dark Pattern ,0
Explore virtual reality travel destinations,Not a Dark Pattern ,0
Attend a virtual technology and innovation expo,Not a Dark Pattern ,0
Healthy smoothie bowl recipes at home,Not a Dark Pattern ,0
Join a virtual board game design workshop,Not a Dark Pattern ,0
Mindfulness and mindful parenting resources,Not a Dark Pattern ,0
DIY recycled paper craft projects,Not a Dark Pattern ,0
Explore local independent record stores,Not a Dark Pattern ,0
Virtual escape room challenge with puzzles,Not a Dark Pattern ,0
Cooking with fresh and seasonal herbs,Not a Dark Pattern ,0
Join a virtual classical music appreciation class,Not a Dark Pattern ,0
Mindful nature photography walk,Not a Dark Pattern ,0
DIY eco-friendly cleaning product workshop,Not a Dark Pattern ,0
Explore hidden street art alleyways,Not a Dark Pattern ,0
Volunteer at a community garden planting event,Not a Dark Pattern ,0
Discover local sustainable fashion brands,Not a Dark Pattern ,0
Join a virtual dance party with DJ beats,Not a Dark Pattern ,0
Cooking class featuring regional delicacies,Not a Dark Pattern ,0
Mindfulness and mindful breathing exercises,Not a Dark Pattern ,0
DIY upcycled clothing fashion show,Not a Dark Pattern ,0
Explore virtual reality historical tours,Not a Dark Pattern ,0
Attend a virtual science fiction literature talk,Not a Dark Pattern ,0
Join a virtual mindfulness and creativity retreat,Not a Dark Pattern ,0
Mindful home decluttering and organization tips,Not a Dark Pattern ,0
DIY personalized natural skincare products,Not a Dark Pattern ,0
Explore local hiking trails with scenic views,Not a Dark Pattern ,0
Join a virtual DIY home improvement workshop,Not a Dark Pattern ,0
Mindfulness and nature-inspired poetry writing,Not a Dark Pattern ,0
Explore hidden bookstores in your city,Not a Dark Pattern ,0
Volunteer at a local community art project,Not a Dark Pattern ,0
DIY personalized holiday greeting cards,Not a Dark Pattern ,0
Virtual escape room challenge with a mystery theme,Not a Dark Pattern ,0
Cooking class featuring plant-based desserts,Not a Dark Pattern ,0
Join a virtual philosophy and ethics discussion,Not a Dark Pattern ,0
Mindfulness and meditation for better sleep,Not a Dark Pattern ,0
Discover local eco-friendly furniture stores,Not a Dark Pattern ,0
Attend a virtual wildlife photography exhibition,Not a Dark Pattern ,0
Healthy and quick breakfast recipes at home,Not a Dark Pattern ,0
Join a virtual dance fitness party with friends,Not a Dark Pattern ,0
DIY sustainable gardening for small spaces,Not a Dark Pattern ,0
Explore hidden rooftop gardens in the city,Not a Dark Pattern ,0
Volunteer at a local food rescue organization,Not a Dark Pattern ,0
Discover local artisanal pottery studios,Not a Dark Pattern ,0
Join a virtual tech startup networking event,Not a Dark Pattern ,0
Mindfulness and mindful communication workshop,Not a Dark Pattern ,0
DIY recycled denim fashion accessories,Not a Dark Pattern ,0
Explore virtual reality mindfulness experiences,Not a Dark Pattern ,0
Attend a virtual TED-style inspirational talk,Not a Dark Pattern ,0
Cooking class featuring international cuisine fusion,Not a Dark Pattern ,0
Join a virtual historical architecture tour,Not a Dark Pattern ,0
Mindfulness and mindful eating in nature,Not a Dark Pattern ,0
DIY personalized succulent plant arrangements,Not a Dark Pattern ,0
Explore local historical figure biographies,Not a Dark Pattern ,0
Virtual escape room challenge with challenging puzzles,Not a Dark Pattern ,0
Volunteer at a community health and wellness fair,Not a Dark Pattern ,0
Discover local independent game stores,Not a Dark Pattern ,0
Join a virtual improv comedy workshop,Not a Dark Pattern ,0
Mindfulness and mindful walking in urban spaces,Not a Dark Pattern ,0
DIY sustainable living and zero-waste hacks,Not a Dark Pattern ,0
Explore hidden sculpture parks in your area,Not a Dark Pattern ,0
Attend a virtual jazz music appreciation session,Not a Dark Pattern ,0
Sparkling Nebula Adventure,Not a Dark Pattern ,0
Quantum Frosted Cupcake Delight,Not a Dark Pattern ,0
Velvet Moonlight Serenade,Not a Dark Pattern ,0
Ethereal Whispers in Time,Not a Dark Pattern ,0
Galactic Sushi Fusion Extravaganza,Not a Dark Pattern ,0
Mystical Enchanted Forest Retreat,Not a Dark Pattern ,0
Bubbly Disco Inferno Fiesta,Not a Dark Pattern ,0
Lunar Eclipse Mystery Box,Not a Dark Pattern ,0
Celestial Lemonade Fizz,Not a Dark Pattern ,0
Jazzed-Up Unicorn Carousel,Not a Dark Pattern ,0
Enigmatic Time Traveler's Tea,Not a Dark Pattern ,0
Glow-in-the-Dark Firefly Symphony,Not a Dark Pattern ,0
Twisted Chocolate Wonderland,Not a Dark Pattern ,0
Stardust Tango Dance Floor,Not a Dark Pattern ,0
Neon Dragonfly Mirage,Not a Dark Pattern ,0
Electric Watermelon Mirage,Not a Dark Pattern ,0
Moonlit Penguin Parade,Not a Dark Pattern ,0
Psychedelic Bubblegum Safari,Not a Dark Pattern ,0
Floral Avalanche Avalanche,Not a Dark Pattern ,0
Sizzling Raspberry Moonshine,Not a Dark Pattern ,0
Funky Zebra Tango Lounge,Not a Dark Pattern ,0
Solar Flare Coconut Breeze,Not a Dark Pattern ,0
Magnetic Rainbow Rollercoaster,Not a Dark Pattern ,0
Cherry Blossom Volcano Eruption,Not a Dark Pattern ,0
Techno Glitter Unicorn Disco,Not a Dark Pattern ,0
Bubblegum Blizzard Bliss,Not a Dark Pattern ,0
Funky Pineapple Meteor Shower,Not a Dark Pattern ,0
Lemonade Tsunami Tornado,Not a Dark Pattern ,0
Tropical Cyclone Carousel,Not a Dark Pattern ,0
Midnight Snickerdoodle Jazz,Not a Dark Pattern ,0
Jungle Fever Ice Cream Dream,Not a Dark Pattern ,0
Polar Bear Rave Revolution,Not a Dark Pattern ,0
Sapphire Dragonfruit Bonanza,Not a Dark Pattern ,0
Vortex of Raspberry Stardust,Not a Dark Pattern ,0
Jellybean Avalanche Symphony,Not a Dark Pattern ,0
Papaya Paradise Jamboree,Not a Dark Pattern ,0
Cosmic Cotton Candy Carnival,Not a Dark Pattern ,0
Funky Disco Cactus Fusion,Not a Dark Pattern ,0
Lunar Lullaby Lemonade,Not a Dark Pattern ,0
Mystical Bubblegum Symphony,Not a Dark Pattern ,0
Jazzed-Up Watermelon Waltz,Not a Dark Pattern ,0
Solar Flare Marshmallow Dream,Not a Dark Pattern ,0
Whimsical Rainbow Avalanche,Not a Dark Pattern ,0
Twilight Tangerine Tango,Not a Dark Pattern ,0
Galactic Bubblegum Extravaganza,Not a Dark Pattern ,0
Candy Cane Nebula Delight,Not a Dark Pattern ,0
Enchanted Blueberry Breeze,Not a Dark Pattern ,0
Sapphire Starlight Serenade,Not a Dark Pattern ,0
Velvet Midnight Mojito,Not a Dark Pattern ,0
Cherry Blossom Stardust Soiree,Not a Dark Pattern ,0
Neon Penguin Polka Party,Not a Dark Pattern ,0
Celestial Pineapple Parade,Not a Dark Pattern ,0
Jungle Safari Mango Tango,Not a Dark Pattern ,0
Mystic Firefly Mirage,Not a Dark Pattern ,0
Enigmatic Stardust Swirl,Not a Dark Pattern ,0
Funky Electric Lemonade Bliss,Not a Dark Pattern ,0
Galactic Snickerdoodle Safari,Not a Dark Pattern ,0
Lemonade Cyclone Carousel,Not a Dark Pattern ,0
Moonlit Raspberry Rhapsody,Not a Dark Pattern ,0
Techno Jellybean Jamboree,Not a Dark Pattern ,0
Sparkling Coconut Avalanche,Not a Dark Pattern ,0
Floral Dragonfly Fiesta,Not a Dark Pattern ,0
Papaya Blizzard Bonanza,Not a Dark Pattern ,0
Tropical Unicorn Uproar,Not a Dark Pattern ,0
Sizzling Raspberry Revolution,Not a Dark Pattern ,0
Lunar Ice Cream Illusion,Not a Dark Pattern ,0
Ethereal Midnight Muffin Madness,Not a Dark Pattern ,0
Polar Bear Lemonade Lunacy,Not a Dark Pattern ,0
Neon Jungle Fever Fantasy,Not a Dark Pattern ,0
Velvet Mango Melody,Not a Dark Pattern ,0
Bubblegum Bonfire Boogie,Not a Dark Pattern ,0
Psychedelic Zebra Zephyr,Not a Dark Pattern ,0
Jazzed-Up Raspberry Rapture,Not a Dark Pattern ,0
Lunar Mango Mania,Not a Dark Pattern ,0
Electric Blueberry Bliss,Not a Dark Pattern ,0
Cherry Blossom Coconut Carnival,Not a Dark Pattern ,0
